[
  {
    "/Chair-01": {
      "type": "chair",
      "brand": "IKEA",
      "model": "Malm Chair",
      "primarycolor": "black",
      "height": "85 cm",
      "width": "50 cm",
      "depth": "55 cm",
      "material": "steel"
    }
  },
  {
    "/Chair-02": {
      "type": "chair",
      "brand": "IKEA",
      "model": "Calk Chair",
      "primarycolor": "red",
      "height": "86 cm",
      "width": "50 cm",
      "depth": "56 cm",
      "material": "plastic"
    }
  },
  {
    "/Chair-03": {
      "type": "chair",
      "brand": "IKEA",
      "model": "Seety Chair",
      "primarycolor": "orange",
      "height": "86 cm",
      "width": "55 cm",
      "depth": "56 cm",
      "material": "plastic"
    }
  },
  {
    "/Chair-04": {
      "type": "chair",
      "brand": "ILVA",
      "model": "Leaner",
      "primarycolor": "Brown",
      "height": "88 cm",
      "width": "55 cm",
      "depth": "56 cm",
      "material": "Fabric"
    }
  },
  {
    "/Chair-05": {
      "type": "chair",
      "brand": "ILVA",
      "model": "Leaner 2",
      "primarycolor": "Brownn",
      "height": "86 cm",
      "width": "50 cm",
      "depth": "57 cm",
      "material": "fabric"
    }
  },
  {
    "/Chair-06": {
      "type": "chair",
      "brand": "IKEA",
      "model": "Wooden Chairy",
      "primarycolor": "brown",
      "height": "86 cm",
      "width": "59 cm",
      "depth": "60 cm",
      "material": "wood"
    }
  },
  {
    "/Chair-07": {
      "type": "chair",
      "brand": "IKEA",
      "model": "Wooden Chairy2",
      "primarycolor": "brown",
      "height": "88 cm",
      "width": "65 cm",
      "depth": "60 cm",
      "material": "wood"
    }
  },
  {
    "/Chair-08": {
      "type": "chair",
      "brand": "JYSK",
      "model": "Comphy Chair",
      "primarycolor": "orange",
      "height": "86 cm",
      "width": "59 cm",
      "depth": "60 cm",
      "material": "wood"
    }
  },
  {
    "/Chair-09": {
      "type": "chair",
      "brand": "JYSK",
      "model": "Sitting Glory",
      "primarycolor": "beige",
      "height": "83 cm",
      "width": "59 cm",
      "depth": "65 cm",
      "material": "wood"
    }
  },
  {
    "/Chair-10": {
      "type": "chair",
      "brand": "IKEA",
      "model": "Plastic classic",
      "primarycolor": "black",
      "height": "81 cm",
      "width": "55 cm",
      "depth": "52 cm",
      "material": "plastic"
    }
  },
  {
    "/Chair-11": {
      "type": "chair",
      "brand": "ILVA",
      "model": "Wooden Chairy Pie",
      "primarycolor": "brown",
      "height": "86 cm",
      "width": "59 cm",
      "depth": "60 cm",
      "material": "black"
    }
  },
  {
    "/Chair-12": {
      "type": "chair",
      "brand": "IKEA",
      "model": "Wooden Chairy",
      "primarycolor": "green",
      "height": "89 cm",
      "width": "53 cm",
      "depth": "61 cm",
      "material": "fabric"
    }
  },
  {
    "/Chair-13": {
      "type": "chair",
      "brand": "IKEA",
      "model": "Charity",
      "primarycolor": "brown",
      "height": "86 cm",
      "width": "59 cm",
      "depth": "60 cm",
      "material": "wood"
    }
  },
  {
    "/Chair-14": {
      "type": "chair",
      "brand": "IKEA",
      "model": "Wooden Chairy",
      "primarycolor": "brown",
      "height": "86 cm",
      "width": "59 cm",
      "depth": "60 cm",
      "material": "plastic"
    }
  },
  {
    "/Chair-15": {
      "type": "chair",
      "brand": "IKEA",
      "model": "Plastic Classic",
      "primarycolor": "orange",
      "height": "88 cm",
      "width": "59 cm",
      "depth": "61 cm",
      "material": "plastic"
    }
  },
  {
    "/Chair-16": {
      "type": "chair",
      "brand": "IKEA",
      "model": "Wooden Chairy",
      "primarycolor": "beige",
      "height": "81 cm",
      "width": "63 cm",
      "depth": "60 cm",
      "material": "wood"
    }
  },
  {
    "/Chair-17": {
      "type": "chair",
      "brand": "JYSK",
      "model": "Weedy Needy",
      "primarycolor": "brown",
      "height": "86 cm",
      "width": "59 cm",
      "depth": "60 cm",
      "material": "weed"
    }
  },
  {
    "/Chair-18": {
      "type": "chair",
      "brand": "ILVA",
      "model": "Woody",
      "primarycolor": "brown",
      "height": "86 cm",
      "width": "59 cm",
      "depth": "60 cm",
      "material": "wood"
    }
  },
  {
    "/Chair-19": {
      "type": "chair",
      "brand": "IKEA",
      "model": "Orangy Chairy",
      "primarycolor": "orange",
      "height": "86 cm",
      "width": "49 cm",
      "depth": "60 cm",
      "material": "wood"
    }
  },
  {
    "/Chair-20": {
      "type": "chair",
      "brand": "IKEA",
      "model": "In Woods Chairy",
      "primarycolor": "grey",
      "height": "86 cm",
      "width": "59 cm",
      "depth": "65 cm",
      "material": "wood"
    }
  },
  {
    "/Chair-21": {
      "type": "chair",
      "brand": "IKEA",
      "model": "Wooden78 Chairy",
      "primarycolor": "brown",
      "height": "86 cm",
      "width": "59 cm",
      "depth": "60 cm",
      "material": "wood"
    }
  },
  {
    "/Chair-22": {
      "type": "chair",
      "brand": "IKEA",
      "model": "Wooden10 Chairy",
      "primarycolor": "white",
      "height": "87 cm",
      "width": "51 cm",
      "depth": "60 cm",
      "material": "fabric"
    }
  },
  {
    "/Chair-23": {
      "type": "chair",
      "brand": "ILVA",
      "model": "Woodnessliciuos",
      "primarycolor": "beige",
      "height": "88 cm",
      "width": "59 cm",
      "depth": "60 cm",
      "material": "wood"
    }
  },
  {
    "/Chair-24": {
      "type": "chair",
      "brand": "IKEA",
      "model": "Northy Chairy",
      "primarycolor": "light brown",
      "height": "81 cm",
      "width": "59 cm",
      "depth": "61 cm",
      "material": "wood"
    }
  },
  {
    "/Chair-25": {
      "type": "chair",
      "brand": "IKEA",
      "model": "Beigy Chairy",
      "primarycolor": "beige",
      "height": "81 cm",
      "width": "57 cm",
      "depth": "60 cm",
      "material": "wood"
    }
  },
  {
    "/Chair-26": {
      "type": "chair",
      "brand": "IKEA",
      "model": "Thunder Chairy",
      "primarycolor": "gray",
      "height": "84 cm",
      "width": "59 cm",
      "depth": "60 cm",
      "material": "wood"
    }
  },
  {
    "/Chair-27": {
      "type": "chair",
      "brand": "IKEA",
      "model": "Fabrica Chairy",
      "primarycolor": "grey",
      "height": "86 cm",
      "width": "59 cm",
      "depth": "60 cm",
      "material": "fabric"
    }
  },
  {
    "/Chair-28": {
      "type": "chair",
      "brand": "Daells Bolighus",
      "model": "Plastic Dream Chairy",
      "primarycolor": "brown",
      "height": "86 cm",
      "width": "59 cm",
      "depth": "60 cm",
      "material": "platic"
    }
  },
  {
    "/Chair-29": {
      "type": "chair",
      "brand": "IKEA",
      "model": "Metally Chairy",
      "primarycolor": "blue",
      "height": "86 cm",
      "width": "59 cm",
      "depth": "60 cm",
      "material": "metal"
    }
  },
  {
    "/Chair-30": {
      "type": "chair",
      "brand": "IKEA",
      "model": "Wooden Gurly",
      "primarycolor": "light brown",
      "height": "86 cm",
      "width": "59 cm",
      "depth": "60 cm",
      "material": "plastic"
    }
  },
  {
    "/Chair-31": {
      "type": "chair",
      "brand": "IKEA",
      "model": "Wooden Gurly",
      "primarycolor": "beige",
      "height": "86 cm",
      "width": "59 cm",
      "depth": "60 cm",
      "material": "plastic"
    }
  },
  {
    "/Chair-32": {
      "type": "chair",
      "brand": "IKEA",
      "model": "Wooden Gurly",
      "primarycolor": "grey",
      "height": "86 cm",
      "width": "59 cm",
      "depth": "60 cm",
      "material": "plastic"
    }
  },
  {
    "/Chair-33": {
      "type": "chair",
      "brand": "IKEA",
      "model": "Wooden Gurly G",
      "primarycolor": "brown",
      "height": "86 cm",
      "width": "59 cm",
      "depth": "60 cm",
      "material": "plastic"
    }
  },
  {
    "/Chair-34": {
      "type": "chair",
      "brand": "JYSK",
      "model": "PLA Gurly",
      "primarycolor": "light brown",
      "height": "86 cm",
      "width": "59 cm",
      "depth": "60 cm",
      "material": "plastic"
    }
  },
  {
    "/Chair-35": {
      "type": "chair",
      "brand": "IKEA",
      "model": "Wooden black",
      "primarycolor": "brown",
      "height": "86 cm",
      "width": "59 cm",
      "depth": "66 cm",
      "material": "wood"
    }
  },
  {
    "/Chair-36": {
      "type": "chair",
      "brand": "IKEA",
      "model": "Plastic Red XO",
      "primarycolor": "red",
      "height": "86 cm",
      "width": "59 cm",
      "depth": "64 cm",
      "material": "plastic"
    }
  },
  {
    "/Chair-37": {
      "type": "chair",
      "brand": "IKEA",
      "model": "Plastic Red XO1",
      "primarycolor": "red",
      "height": "86 cm",
      "width": "59 cm",
      "depth": "60 cm",
      "material": "plastic"
    }
  },
  {
    "/Coach-01": {
      "type": "coach",
      "brand": "IKEA",
      "model": "Gurly",
      "primarycolor": "grey",
      "height": "86 cm",
      "width": "210 cm",
      "depth": "60 cm",
      "material": "fabric"
    }
  },
  {
    "/Coach-02": {
      "type": "coach",
      "brand": "IKEA",
      "model": "Svennska",
      "primarycolor": "yellow",
      "height": "87 cm",
      "width": "211 cm",
      "depth": "60 cm",
      "material": "fabric"
    }
  },
  {
    "/Coach-03": {
      "type": "coach",
      "brand": "IKEA",
      "model": "Basic Biauch",
      "primarycolor": "beige",
      "height": "89 cm",
      "width": "210 cm",
      "depth": "63 cm",
      "material": "fabric"
    }
  },
  {
    "/Coach-04": {
      "type": "coach",
      "brand": "IKEA",
      "model": "Malm Coach",
      "primarycolor": "grey",
      "height": "86 cm",
      "width": "208 cm",
      "depth": "60 cm",
      "material": "fabric"
    }
  },
  {
    "/Coach-05": {
      "type": "coach",
      "brand": "IKEA",
      "model": "Gurly Leather",
      "primarycolor": "grey",
      "height": "86 cm",
      "width": "211 cm",
      "depth": "60 cm",
      "material": "leather"
    }
  },
  {
    "/Coach-06": {
      "type": "coach",
      "brand": "IKEA",
      "model": "Gurly blue",
      "primarycolor": "grey",
      "height": "86 cm",
      "width": "210 cm",
      "depth": "69 cm",
      "material": "blue"
    }
  },
  {
    "/Coach-07": {
      "type": "coach",
      "brand": "IKEA",
      "model": "Greymess",
      "primarycolor": "grey",
      "height": "86 cm",
      "width": "210 cm",
      "depth": "69 cm",
      "material": "fabric"
    }
  },
  {
    "/Coach-08": {
      "type": "coach",
      "brand": "IKEA",
      "model": "Gurly whitey",
      "primarycolor": "white",
      "height": "86 cm",
      "width": "210 cm",
      "depth": "60 cm",
      "material": "leather"
    }
  },
  {
    "/Table-01": {
      "type": "desk",
      "brand": "IKEA",
      "model": "Desk",
      "primarycolor": "red",
      "height": "86 cm",
      "width": "180 cm",
      "depth": "60 cm",
      "material": "wood"
    }
  },
  {
    "/Table-02": {
      "type": "desk",
      "brand": "IKEA",
      "model": "Deskyit",
      "primarycolor": "brown",
      "height": "86 cm",
      "width": "178 cm",
      "depth": "60 cm",
      "material": "wood"
    }
  },
  {
    "/Table-03": {
      "type": "desk",
      "brand": "IKEA",
      "model": "Gurly",
      "primarycolor": "brown",
      "height": "86 cm",
      "width": "180 cm",
      "depth": "60 cm",
      "material": "wood"
    }
  },
  {
    "/Table-04": {
      "type": "dinner table",
      "brand": "IKEA",
      "model": "Dinners mark",
      "primarycolor": "brown",
      "height": "86 cm",
      "width": "160 cm",
      "depth": "60 cm",
      "material": "wood"
    }
  },
  {
    "/Table-05": {
      "type": "dinner table",
      "brand": "IKEA",
      "model": "Gurly",
      "primarycolor": "brown",
      "height": "86 cm",
      "width": "210 cm",
      "depth": "60 cm",
      "material": "wood"
    }
  },
  {
    "/Table-06": {
      "type": "desk",
      "brand": "IKEA",
      "model": "Furniture Pro",
      "primarycolor": "brown",
      "height": "86 cm",
      "width": "120 cm",
      "depth": "60 cm",
      "material": "wood"
    }
  }
]